{"version":null,"displayName":"Jenkins","type":"jenkins","logo":"jenkins.png","logoSmall":"jenkins_small.png","metadata":[{"name":"Workspace","dependent":false,"dependentMetadata":null,"values":[{"id":"Hello","name":"Hello","attributeName":null,"referenceType":null,"dependents":null,"regex":false}]},{"name":"issuetype","dependent":false,"dependentMetadata":null,"values":[{"id":"Build Results","name":"Build Results","attributeName":null,"referenceType":null,"dependents":null,"regex":false},{"id":"Request Build","name":"Request Build","attributeName":null,"referenceType":null,"dependents":null,"regex":false}]}],"fields":[{"id":"workspace","name":"Workspace","datatype":"string","values":null},{"id":"attachments","name":"Attachments","datatype":"","values":null},{"id":"executor_number","name":"Executor Number","datatype":"string","values":null},{"id":"git_previous_commit","name":"Git Previous Commit","datatype":"string","values":null},{"id":"build_tag","name":"build_tag","datatype":"string","values":null},{"id":"title","name":"title","datatype":"string","values":null},{"id":"git_commit","name":"Git Commit","datatype":"string","values":null},{"id":"git_local_branch","name":"Git Local Branch","datatype":"string","values":null},{"id":"git_author_name","name":"Git Author Name","datatype":"string","values":null},{"id":"modified","name":"modified","datatype":"datetime","values":null},{"id":"id","name":"id","datatype":"string","values":null},{"id":"git_url","name":"Git URL","datatype":"string","values":null},{"id":"git_committer_name","name":"Git Committer Name","datatype":"string","values":null},{"id":"build_url","name":"Build URL","datatype":"string","values":null},{"id":"comments","name":"Comments","datatype":"string","values":null},{"id":"node_name","name":"Node Name","datatype":"string","values":null},{"id":"git_branch","name":"Git Branch","datatype":"string","values":null},{"id":"jenkins_home","name":"Jenkins Home","datatype":"string","values":null},{"id":"node_labels","name":"Node Labels","datatype":"string","values":null},{"id":"jenkins_url","name":"Jenkins URL","datatype":"string","values":null},{"id":"job_name","name":"Job Name","datatype":"string","values":null},{"id":"build_id","name":"Build Id","datatype":"string","values":null},{"id":"git_previous_successful_commit","name":"Git Previous Successful Commit","datatype":"string","values":null},{"id":"build_number","name":"Build Number","datatype":"string","values":null},{"id":"job_base_name","name":"Job Base Name","datatype":"string","values":null},{"id":"git_committer_email","name":"Git Commiter Email","datatype":"string","values":null},{"id":"job_url","name":"Job URL","datatype":"string","values":null},{"id":"build_display_name","name":"Build Display Name","datatype":"string","values":null},{"id":"linked_story_id","name":"Linked Story Id","datatype":"string","values":null}],"loginOptions":[],"idFieldName":"id","titleFieldName":"title","projectFieldName":"","artifactFieldName":"","testStepsFieldName":"","changedDateFieldName":"modified","dateFormat":"dd-MM-yyyy","dateTimeFormat":"dd-MM-yyyy HH:mm:ss.SSS","queryDateFormat":"","isISO8601DateFormat":"false","commentFieldName":"Comments","commentFieldId":"comments","attachmentFieldName":"Attachments","attachmentFieldId":"attachments","apiVersion":"2","callBackUrlConfigured":false,"callBackUrls":[],"apiProvider":"ConnectALL","applicationType":null,"urlDescription":"","userNameDescription":"","passwordDescription":"","paginationSupported":false,"paginationAttributes":null}